{
  "best_global_step": null,
  "best_metric": null,
  "best_model_checkpoint": null,
  "epoch": 1.0,
  "eval_steps": 20,
  "global_step": 14,
  "is_hyper_param_search": false,
  "is_local_process_zero": true,
  "is_world_process_zero": true,
  "log_history": [
    {
      "entropy": 3.3235582649707793,
      "epoch": 0.36036036036036034,
      "grad_norm": 5.432831287384033,
      "learning_rate": 3.571428571428572e-05,
      "logits/chosen": -0.4988446779139736,
      "logits/rejected": -0.8509945022912184,
      "logps/chosen": -348.2418212890625,
      "logps/rejected": -229.00738143920898,
      "loss": 0.33662641048431396,
      "mean_token_accuracy": 0.2582516595721245,
      "num_tokens": 35680.0,
      "rewards/accuracies": 0.8,
      "rewards/chosen": 1.8624886855483056,
      "rewards/margins": 1.2769633449614048,
      "rewards/rejected": 0.585525333089754,
      "step": 5
    },
    {
      "entropy": 3.421355128288269,
      "epoch": 0.7207207207207207,
      "grad_norm": 0.6572261452674866,
      "learning_rate": 1.785714285714286e-05,
      "logits/chosen": -0.4321354368352627,
      "logits/rejected": -0.8022615443734218,
      "logps/chosen": -320.7481262207031,
      "logps/rejected": -243.76510372161866,
      "loss": 0.024946677684783935,
      "mean_token_accuracy": 0.29631382450461385,
      "num_tokens": 74086.0,
      "rewards/accuracies": 1.0,
      "rewards/chosen": 5.478786951303482,
      "rewards/margins": 4.371666067838669,
      "rewards/rejected": 1.1071208706125617,
      "step": 10
    }
  ],
  "logging_steps": 5,
  "max_steps": 14,
  "num_input_tokens_seen": 0,
  "num_train_epochs": 1,
  "save_steps": 50,
  "stateful_callbacks": {
    "TrainerControl": {
      "args": {
        "should_epoch_stop": false,
        "should_evaluate": false,
        "should_log": false,
        "should_save": true,
        "should_training_stop": true
      },
      "attributes": {}
    }
  },
  "total_flos": 237980921955840.0,
  "train_batch_size": 1,
  "trial_name": null,
  "trial_params": null
}
